43.5906834,10.529521
43.5891608,10.528997
43.5882683,10.529086
43.5829227,10.5312781
43.5762089,10.5340645
43.5731508,10.5353542
43.572011,10.5354971
43.5716597,10.5354917
43.5702669,10.534789
43.5691145,10.5339226
43.5683167,10.5335439
43.5674783,10.5335056
43.5656163,10.5334344
43.5649963,10.5337188
43.5647456,10.533936
43.5634901,10.5351403
43.5610198,10.5369119
43.5707722,10.5351162
43.5726631,10.5307813
43.5710442,10.5352315
43.5844373,10.4915682
43.5817999,10.494597
43.5803254,10.4966911
43.5797521,10.4981566
43.5790373,10.4991036
43.5782894,10.4996384
43.5775486,10.4999576
43.5763344,10.5004778
43.5758545,10.5009606
43.5757777,10.5020359
43.5757217,10.5024637
43.5753685,10.5027453
43.5745008,10.5028179
43.5743318,10.5028685
43.5744106,10.5033443
43.574853,10.5034352
43.574958,10.5035921
43.5745721,10.5048528
43.5738757,10.5067998
43.5731176,10.5073438
43.572044,10.5081124
43.5715633,10.509189
43.5713271,10.5110484
43.5711155,10.512908
43.5709091,10.513587
43.570315,10.514198
43.5700614,10.5151549
43.5692449,10.5171934
43.5693394,10.5176699
43.5697835,10.5186545
43.5704396,10.5197597
43.5711344,10.5207325
43.573579,10.521751
43.5743994,10.5221468
43.5748329,10.5227215
43.5746757,10.5232664
43.5742183,10.5238989
43.5738353,10.5242075
43.5734736,10.5250011
43.5739262,10.5262547
43.5738446,10.5275853
43.5734639,10.5286874
43.5511443,10.5120116
43.5511927,10.5115781
43.5515185,10.5051921
43.551588,10.5038584
43.5515915,10.5030432
43.5516,10.5029798
43.5516299,10.5028677
43.5517533,10.5024838
43.5517829,10.5022806
43.5517754,10.5020585
43.5516702,10.5003762
43.5516284,10.4999826
43.5515195,10.4996024
43.55133,10.4992121
43.5507482,10.4980575
43.5501654,10.4969387
43.5499525,10.4966446
43.5494345,10.4959716
43.5487213,10.49505
43.548588,10.4948132
43.5484874,10.4945344
43.5482502,10.4934943
43.5477649,10.4912404
43.5477548,10.4910759
43.5478021,10.4908162
43.5478471,10.4907096
43.5479285,10.4905809
43.5481035,10.4902928
43.5482468,10.4900749
43.5484137,10.4897232
43.5484842,10.4895304
43.5486723,10.4889101
43.5489487,10.4879561
43.5491554,10.4874019
43.5493688,10.4869892
43.5499865,10.4859983
43.5503076,10.4854499
43.5505382,10.4851596
43.5521446,10.4835661
43.5522791,10.4834334
43.5524142,10.4833145
43.5525604,10.4832173
43.5527143,10.4831445
43.5530219,10.4830976
43.5547071,10.4830599
43.5550421,10.4830473
43.5551847,10.4830325
43.5552977,10.4829916
43.5554412,10.4828815
43.5555829,10.4826896
43.5556648,10.4825048
43.555849,10.4819357
43.5559887,10.4814887
43.5562091,10.4810131
43.556961,10.4795111
43.5570549,10.4792886
43.5570587,10.4791319
43.556966,10.4790254
43.5567178,10.47891
43.5561405,10.478636
43.5899024,10.5292906
43.5887128,10.5289836
43.6077642,10.4965416
43.6078411,10.4967229
43.6078819,10.4968489
43.6079169,10.4970474
43.6078285,10.4979217
43.6074009,10.4992015
43.6071664,10.4999105
43.607121,10.5001069
43.6070999,10.5002953
43.6071426,10.5010594
43.6072196,10.5014409
43.6078586,10.5025352
43.6083308,10.5031508
43.6084599,10.5034421
43.6085222,10.5038005
43.6086044,10.5087928
43.6076157,10.5125563
43.6075722,10.5127651
43.607542,10.5129529
43.6075321,10.5131483
43.6079648,10.5142432
43.6086844,10.5157884
43.608985,10.5166383
43.6088879,10.5162735
43.6075789,10.513366
43.6077187,10.5137262
43.6092647,10.5179493
43.608651,10.5076073
43.6086626,10.5080096
43.6086704,10.5082644
43.6086568,10.5085058
43.6084034,10.5032906
43.608501,10.5035988
43.6085869,10.5056993
43.6075606,10.5021085
43.6073597,10.5017635
43.6071738,10.5012564
43.6071059,10.5006643
43.6079324,10.4973854
43.6079052,10.4976241
43.6072806,10.4956433
43.571708,10.4754689
43.57164,10.47568
43.5713232,10.477228
43.5712241,10.4777266
43.5709749,10.4782227
43.5705252,10.4785069
43.5702536,10.4786619
43.5692798,10.4785782
43.5690726,10.4785646
43.5683372,10.4789141
43.5679743,10.479062
43.5678022,10.4792006
43.5677921,10.4797572
43.5678003,10.4800364
43.567713,10.480316
43.5676383,10.4804651
43.5670505,10.4809318
43.566737,10.4811858
43.566406,10.4813039
43.5661071,10.4813286
43.5657765,10.4812252
43.5655374,10.481237
43.5654237,10.4813519
43.5651621,10.4817089
43.5650353,10.4819548
43.5648894,10.482277
43.5647617,10.4824417
43.564488,10.4826534
43.5643766,10.4827302
43.5642637,10.4828032
43.5641688,10.4829604
43.5641849,10.4832834
43.5641575,10.4834374
43.5640318,10.4838189
43.5640015,10.4840562
43.5640601,10.4842986
43.5640637,10.4844021
43.5640664,10.4845122
43.5639431,10.4848501
43.5634942,10.4860976
43.5738359,10.5010768
43.5744693,10.5011483
43.5746838,10.5011483
43.5750617,10.5006069
43.5820971,10.5021982
43.5824179,10.5014397
43.5827284,10.5011374
43.5809718,10.4957466
43.5853036,10.4906241
43.5830226,10.5009249
43.5833687,10.5004396
43.5836305,10.4999999
43.5839787,10.4994866
43.5842769,10.499329
43.5853526,10.4989512
43.5859917,10.498608
43.5867633,10.4981533
43.5874954,10.4974443
43.5880088,10.4969418
43.5830938,10.4930038
43.5890317,10.4960453
43.5896136,10.4957968
43.5902216,10.4955745
43.5907781,10.495561
43.5917924,10.4957792
43.5930166,10.4960625
43.5932831,10.4962579
43.5936022,10.4964682
43.5524205,10.5118616
43.5514186,10.5117574
43.551174,10.5117417
43.554213,10.513866
43.5533366,10.5126267
43.5526302,10.5118861
43.5604619,10.5098595
43.5591665,10.5102628
43.5582182,10.5108271
43.5574672,10.511536
43.5566805,10.5122706
43.5565502,10.5124416
43.556341,10.512924
43.5559599,10.5133076
43.5553782,10.5137623
43.5544995,10.513939
43.5632354,10.5116586
43.5628601,10.5110101
43.5627056,10.510916
43.5623552,10.5111357
43.5621724,10.5112553
43.5618688,10.5110886
43.5616282,10.5103041
43.5615005,10.5099409
43.5612464,10.5097811
43.5609326,10.5097654
43.5640509,10.5136129
43.564359,10.5128793
43.5644142,10.5126162
43.5642783,10.5117965
43.5640799,10.5108657
43.5640014,10.5103821
43.5638719,10.510053
43.563715,10.5100844
43.5639947,10.5120896
43.5639403,10.5123546
43.563777,10.5124178
43.5635707,10.5122755
43.5707488,10.5138426
43.5659903,10.5162943
43.5651721,10.5163432
43.5648712,10.5163313
43.56448,10.5162096
43.5641377,10.5153349
43.5638755,10.5146172
43.5638497,10.5141522
43.5687611,10.517233
43.5683453,10.517136
43.5677765,10.5164836
43.5671676,10.5161142
43.5669079,10.5160532
43.566354,10.5161791
43.5674392,10.5180668
43.5676878,10.5179087
43.5679096,10.5177119
43.5680965,10.5168622
43.5710413,10.5140003
43.571457,10.5144657
43.5670126,10.5191222
43.5705413,10.5139093
43.5684337,10.5251774
43.5682664,10.5251983
43.5680729,10.5253657
43.5677966,10.5256793
43.5672779,10.5262444
43.566326,10.5264745
43.5716171,10.5254124
43.5708135,10.5253274
43.5700342,10.5252402
43.5712341,10.5367759
43.5758393,10.5132402
43.5768714,10.511799
43.5769186,10.5117306
43.5749473,10.5039002
43.5779355,10.5083404
43.5783106,10.5082362
43.5785678,10.5082524
43.5787825,10.508298
43.5790207,10.5082459
43.5793982,10.5079626
43.5797922,10.5076239
43.5810851,10.5070605
43.5812431,10.506927
43.5813466,10.5065044
43.5814861,10.5052335
43.5816791,10.5038262
43.5817952,10.503338
43.577315,10.5109555
43.5774542,10.5099199
43.5774518,10.5092002
43.577499,10.5088224
43.5776878,10.5085358
43.5777328,10.5114571
43.5782027,10.5113448
43.578928,10.5115695
43.5793264,10.5115899
43.5796511,10.5116407
43.5800276,10.5118876
43.5803205,10.5121386
43.5804167,10.5121596
43.5806678,10.5120424
43.580969,10.5116993
43.5811908,10.5116533
43.5817975,10.5116993
43.5822368,10.5117537
43.5824711,10.5116909
43.5717389,10.5146969
43.5719503,10.5147901
43.5721003,10.5148441
43.572733,10.5147042
43.5731955,10.5147431
43.5737476,10.5148701
43.5740578,10.5148665
43.5742761,10.5147887
43.5749649,10.5141228
43.5735037,10.5244416
43.5734244,10.5247785
43.5827766,10.5112767
43.5831866,10.5103562
43.5837557,10.5092893
43.5838937,10.5092098
43.5840904,10.5091805
43.5845088,10.5093855
43.5847933,10.5097286
43.5852912,10.5105487
43.5857264,10.5108583
43.5865465,10.511306
43.5869774,10.5114817
43.5878477,10.5117955
43.5894126,10.5123604
43.5898352,10.512511
43.5908477,10.5126108
43.5918435,10.5126909
43.5922787,10.5128583
43.5931865,10.5138883
43.5938726,10.5147443
43.5730938,10.5296574
43.5736311,10.5282081
43.5737066,10.5256043
43.573167,10.5257821
43.5729473,10.5258678
43.5721419,10.5256272
43.5722664,10.5318639
43.5947714,10.4964468
43.5954321,10.4962872
43.5961093,10.4957823
43.5964952,10.4952481
43.5966893,10.4950631
43.5977173,10.4945286
43.598005,10.4945221
43.5985558,10.4945969
43.5994956,10.4945709
43.5999504,10.4944282
43.6004156,10.4942175
43.6010922,10.4941117
43.6019318,10.4940365
43.6026105,10.4938355
43.6030749,10.4936192
43.6034128,10.493493
43.6036565,10.4935348
43.6039507,10.4935936
43.6041085,10.4935581
43.6042766,10.493269
43.6043198,10.4926564
43.6045628,10.5133178
43.5941979,10.5150714
43.596308,10.5157872
43.5978435,10.5162459
43.5980911,10.5162819
43.5983196,10.5162933
43.5986553,10.5161805
43.5992327,10.5158667
43.6003205,10.5153144
43.6015632,10.5146073
43.6011647,10.514834
43.6014504,10.5164372
43.6012666,10.5173157
43.6010142,10.518037
43.6010325,10.5186758
43.6012214,10.5193164
43.6026678,10.514147
43.601603,10.5199661
43.6031808,10.5222909
43.6050042,10.5130925
43.6061593,10.5124646
43.6065113,10.5092271
43.6074578,10.5117288
43.6078947,10.5115144
43.6094841,10.5096887
43.6085675,10.5089323
43.6101076,10.5104637
43.6095959,10.5104469
43.5711359,10.4780885
43.5759183,10.5007392
43.5725895,10.5354948
43.555185,10.4967067
43.554558,10.4960221
43.5546057,10.4954319
43.5544729,10.4949484
43.5539934,10.4939171
43.5539838,10.4938244
43.554014,10.4935855
43.55424,10.4925037
43.5548617,10.5025786
43.5551236,10.5019504
43.5553076,10.501072
43.5553794,10.5008057
43.5557331,10.5000382
43.5562026,10.4995981
43.5563072,10.4992812
43.5563927,10.4985019
43.5563544,10.4982304
43.5559931,10.497792
43.5558096,10.4974417
43.5556682,10.4968854
43.5539966,10.5079261
43.5541104,10.507386
43.5541475,10.5064214
43.5542442,10.505905
43.5542473,10.5057415
43.5542286,10.5048852
43.5542535,10.5045796
43.5544469,10.5038094
43.554712,10.5031208
43.5540882,10.5137455
43.554082,10.5134572
43.5539261,10.5124761
43.5537046,10.5115982
43.5536329,10.5113185
43.553608,10.5105224
43.5536672,10.5100146
43.5536236,10.509253
43.5536641,10.5089862
43.5695916,10.516881
43.5696697,10.5147828
43.5697923,10.5149428
43.5698418,10.5151509
43.5698831,10.5152864
43.5700084,10.5153504
43.5742908,10.503259
43.5721361,10.5080017
43.5717986,10.5085488
43.572786,10.5162285
43.5472376,10.4958115
43.5417767,10.4994099
43.5441011,10.4999295
43.5287693,10.4841047
43.5348492,10.4935396
43.529343,10.4863787
43.5234734,10.471984
43.5394932,10.4980752
43.5318216,10.4919639
43.5470835,10.4961197
43.5251788,10.4771067
43.5454217,10.4998212
43.5243679,10.4735245
43.5245397,10.4740846
43.5473245,10.4967943
43.5481885,10.4937237
43.5427536,10.4996442
43.5277481,10.4818429
43.5337152,10.4926135
43.5432238,10.499478
43.5452063,10.4995765
43.534041,10.4927935
43.5228567,10.4712148
43.5240248,10.4730495
43.5468037,10.4959115
43.5248484,10.4758023
43.5468501,10.4964792
43.5311952,10.4911332
43.5255934,10.4779666
43.5276165,10.4813538
43.5444937,10.4993539
43.5385859,10.4959365
43.5448345,10.4995582
43.5237193,10.4723748
43.529634,10.4878417
43.5468809,10.495495
43.5480769,10.4952249
43.5308734,10.4905027
43.5325937,10.4921235
43.5273915,10.4809789
43.5442391,10.4998348
43.5330583,10.4922078
43.5350088,10.4936369
43.5294126,10.4866233
43.5393893,10.4978583
43.5303722,10.489486
43.5395603,10.4981796
43.5410112,10.4995044
43.5306049,10.4899846
43.5471278,10.4959507
43.5437242,10.4997681
43.5252681,10.4773185
43.5285284,10.4830396
43.5455327,10.4997794
43.5345627,10.4932496
43.5264521,10.4792465
43.5457015,10.4992187
43.529185,10.4860361
43.524452,10.4737332
43.5465857,10.4961874
43.548264,10.4940416
43.5474055,10.4968059
43.5481825,10.4936275
43.5315958,10.4917028
43.5278831,10.4820812
43.525041,10.4766495
43.5471948,10.4964692
43.531924,10.4920582
43.5433355,10.4995302
43.5280182,10.4822264
43.5452736,10.4996197
43.5299167,10.4884629
43.5482906,10.4946819
43.5469685,10.4966111
43.5425291,10.4995806
43.544624,10.4994053
43.5429458,10.4996102
43.5449307,10.4995807
43.5288742,10.4851293
43.5225522,10.470961
43.5480019,10.4953101
43.5297107,10.4880423
43.5398802,10.4985428
43.5469212,10.4955856
43.5467473,10.496136
43.5420716,10.4994301
43.5443165,10.4996548
43.5331495,10.4922337
43.5383636,10.495708
43.5287962,10.4843629
43.5268013,10.4800409
43.5295341,10.4874343
43.5411605,10.4995814
43.5438147,10.4998156
43.5285776,10.4832339
43.5439727,10.4999044
43.5287248,10.4838697
43.5347091,10.4934169
43.5266403,10.4797194
43.5366569,10.4946958
43.547466,10.4966363
43.5470986,10.496319
43.532015,10.4921007
43.5263198,10.4789833
43.5230009,10.4713646
43.5361399,10.4943309
43.5242631,10.4733427
43.5483137,10.4943637
43.5301093,10.4889216
43.5471186,10.4966985
43.5446751,10.4994724
43.543034,10.4995282
43.5356249,10.4939345
43.5388394,10.4965214
43.5270839,10.4806345
43.5239203,10.4728862
43.5482579,10.4948447
43.5467924,10.4963399
43.5444069,10.4994569
43.5333013,10.4923153
43.5385161,10.4958486
43.5387081,10.4961484
43.5288196,10.4848723
43.5478331,10.4954587
43.5467526,10.4956253
43.5373316,10.4951095
43.541331,10.4995675
43.5307731,10.4903239
43.5467564,10.4962357
43.5469024,10.4955189
43.5473772,10.4957069
43.5474515,10.4967748
43.5467647,10.4960217
43.5477982,10.4914496
43.5473988,10.4965763
43.5474796,10.4967105
43.5468443,10.4955047
43.5477668,10.4909382
43.5501955,10.5040651
43.5488944,10.5039958
43.5478235,10.5032822
43.5461577,10.5033325
43.5446534,10.5029297
43.5428466,10.5024453
43.5415425,10.5016334
43.5395814,10.5005071
43.5385953,10.5004107
43.5371474,10.4992597
43.5356116,10.4984665
43.5354327,10.4984258
43.5338154,10.4979434
43.5331627,10.4976672
43.5329642,10.4982634
43.5323788,10.5009459
43.5360129,10.5053759
43.5364155,10.5053599
43.5372804,10.5041448
43.5380631,10.5018781
43.5391255,10.5025873
43.5396254,10.503431
43.5400178,10.5042975
43.5414831,10.5055486
43.5430134,10.5054653
43.543744,10.5056763
43.5456404,10.5054217
43.5470352,10.505801
43.5492162,10.5066072
43.5509718,10.5068353
43.5367175,10.5076146
43.5323958,10.5002857
43.5330224,10.497714
43.5581633,10.5239829
43.5588267,10.5241134
43.5605357,10.5239101
43.5612712,10.522915
43.5614984,10.5217727
43.5615431,10.5193267
43.5622061,10.5185234
43.5633743,10.5173585
43.5642971,10.5157682
43.5606392,10.5098241
43.5541163,10.4931808
43.5541473,10.4941695
43.5570501,10.4888581
43.557534,10.4882276
43.5579261,10.4878027
43.5581392,10.4878035
43.5583921,10.4878713
43.558689,10.4879682
43.5588453,10.4879462
43.5597633,10.4870189
43.5607827,10.4858072
43.560955,10.4857801
43.561062,10.4857269
43.5609003,10.4842821
43.5611192,10.484064
43.5617637,10.4839612
43.5617722,10.4838398
43.5613047,10.4822194
43.5613631,10.4817731
43.5642114,10.4798773
43.5656774,10.4786964
43.5664803,10.480063
43.5415877,10.4772847
43.5440381,10.4807967
43.5443456,10.481874
43.5459227,10.4834943
43.5469342,10.4840372
43.5277774,10.4805564
43.5277502,10.4796741
43.5284007,10.4775425
43.5291476,10.4767075
43.5292717,10.476651
43.5296441,10.4768794
43.5446862,10.5055567
43.5442631,10.5057034
43.5433782,10.5054942
43.5429288,10.5055235
43.5276857,10.4799131
43.5300771,10.4777056
43.5260038,10.4785065
43.5282217,10.4779441
43.5404379,10.500952
43.5340827,10.4980159
43.5490441,10.5040706
43.5378526,10.4999476
43.5494823,10.5041019
43.5328114,10.4987345
43.5327345,10.4989795
43.5370271,10.505058
43.5365942,10.4988416
43.5375802,10.4996025
43.5359599,10.5061203
43.5381834,10.5018272
43.5482912,10.5034347
43.5469453,10.503362
43.5418657,10.5057803
43.5440497,10.5028843
43.5407748,10.5047964
43.5389085,10.5023769
43.5322572,10.5018772
43.5504657,10.5040393
43.5485216,10.5036228
43.5416382,10.5057586
43.5329287,10.4984953
43.5422871,10.502081
43.5330838,10.4976647
43.5509752,10.5036855
43.5425267,10.5056952
43.5480607,10.5033138
43.5412062,10.505134
43.5434517,10.5027378
43.5329782,10.4980722
43.5506734,10.5039721
43.5408589,10.5011474
43.5464024,10.5033946
43.5319204,10.4928526
43.5313574,10.4924449
43.5312446,10.4926246
43.5316715,10.4936144
43.5321596,10.4945853
43.5322821,10.4951003
43.5325854,10.4961544
43.5326418,10.4963797
43.5330054,10.4966292
43.5331571,10.4964781
43.5335188,10.4964387
43.5336666,10.4967982
43.5340827,10.4978737
43.6072456,10.4996711
43.6072434,10.5108338
43.6075483,10.5096778
43.6106489,10.5100583
43.6077654,10.5024118
43.6103216,10.5104932
43.599802,10.5155777
43.5514325,10.506898
43.5949898,10.5154522
43.5893156,10.5290401
43.5812354,10.5319826
43.5689032,10.5337761
43.6056358,10.5127637
43.6047727,10.5091833
43.6048552,10.5100054
43.5629887,10.5355158
43.5622598,10.533244
43.5613486,10.5319131
43.5616106,10.532839
43.5613774,10.5326888
43.5625086,10.5335981
43.5312405,10.4924242
43.5320624,10.4923833
43.5320818,10.4928339
43.5320964,10.4926836
43.5635736,10.5268069
43.5581303,10.5268102
43.5728533,10.5163689
43.5637589,10.517098
43.571746,10.5142632
43.5700342,10.5150165
43.5637407,10.5268874
43.5736741,10.5162918
43.5708507,10.5204537
43.5614858,10.5212307
43.57375,10.5157165
43.5659214,10.5265548
43.558179,10.5268518
43.5748393,10.522973
43.5732187,10.5169228
43.5741883,10.5155583
43.5741583,10.5219741
43.5742485,10.5155603
43.5642577,10.5267533
43.5730382,10.5165485
43.5733625,10.5173547
43.5743594,10.5149487
43.5743438,10.5150721
43.5704024,10.5140003
43.572216,10.514195
43.5740838,10.5155583
43.5738603,10.5155662
43.5742468,10.503134
43.5574426,10.5249399
43.5694327,10.513943
43.5619887,10.5280776
43.5662052,10.5334157
43.5737071,10.5160269
43.5619113,10.5281863
43.5576131,10.524147
43.5575013,10.5247441
43.562493,10.5178907
43.5737123,10.5180386
43.5578567,10.52389
43.5573695,10.5254638
43.5614744,10.5210646
43.561354,10.5202303
43.5579899,10.5266343
43.5643268,10.5164144
43.5721762,10.5148328
43.5614443,10.5221936
43.5632308,10.5266738
43.5591616,10.5274399
43.5742643,10.5029798
43.563422,10.5267211
43.5700858,10.51506
43.5627204,10.5176761
43.5735063,10.5164776
43.5577334,10.5257604
43.5617982,10.5282279
43.5744526,10.523585
43.5695245,10.514415
43.5616611,10.5281963
43.5588545,10.5272736
43.5747187,10.5224854
43.5624056,10.5273797
43.5722038,10.5143965
43.5736326,10.5164005
43.5731292,10.5165554
43.57374,10.515752
43.5701036,10.5142675
43.5699734,10.5138115
43.5714925,10.5140418
43.5700801,10.5145499
43.5586805,10.5271266
43.5595874,10.523769
43.5630722,10.5174419
43.5743233,10.5147561
43.5604075,10.5240394
43.5731464,10.5167915
43.5738036,10.5156166
43.5729136,10.5164749
43.5698059,10.5133717
43.5729874,10.5165339
43.5573423,10.525189
43.5578476,10.5260827
43.5730904,10.5165634
43.560561,10.5275901
43.5734402,10.5176444
43.5609944,10.5277336
43.5614099,10.5197933
43.5577232,10.5239852
43.5574254,10.5255382
43.5711025,10.4842242
43.5683118,10.4881885
43.5733955,10.496616
43.5714222,10.5101961
43.5717647,10.4921394
43.5712264,10.5121307
43.5726354,10.4932927
43.5637696,10.5100735
43.5742632,10.5056912
43.572214,10.4825429
43.5721899,10.4826759
43.5669747,10.48902
43.5719163,10.4924505
43.5664306,10.4895671
43.5714274,10.5098162
43.5740306,10.5064978
43.5668348,10.4893472
43.5706555,10.488387
43.56362,10.5104377
43.5711336,10.4792513
43.5644521,10.4906239
43.571254,10.4795947
43.5654277,10.4904683
43.5697616,10.4862305
43.5702629,10.4851898
43.5634958,10.4900499
43.5631654,10.4897227
43.5700375,10.4867723
43.5715549,10.491222
43.5719047,10.481668
43.5698782,10.4857745
43.571736,10.4836073
43.5702202,10.487137
43.5686249,10.4875538
43.5716971,10.4919275
43.5676915,10.4884057
43.5745731,10.4996683
43.5743671,10.4993035
43.5748996,10.5004247
43.5747441,10.5001779
43.5628311,10.4884889
43.5710131,10.4789509
43.5755809,10.5026802
43.5632821,10.4898783
43.5738386,10.4973992
43.5739863,10.497764
43.5672173,10.4884111
43.5658786,10.4902484
43.5711413,10.4899426
43.5674178,10.4883279
43.5711701,10.490176
43.5714204,10.510328
43.5713162,10.4905059
43.5678819,10.4884486
43.5636467,10.5102078
43.5662245,10.4896637
43.562835,10.4888698
43.5628778,10.4880651
43.56294,10.4891541
43.5670991,10.4885908
43.5723851,10.492893
43.5729073,10.4943174
43.5725382,10.4930674
43.572989,10.4948484
43.5614,10.5098422
43.5657192,10.4903718
43.5607119,10.5098096
43.5711545,10.4894679
43.5617139,10.510848
43.5711312,10.4891836
43.5710457,10.4889904
43.5639227,10.5101614
43.5695867,10.4865631
43.5684478,10.4879042
43.5717375,10.4811048
43.5704223,10.4875555
43.5639001,10.4905113
43.5641351,10.5134125
43.5731134,10.4959213
43.5729502,10.4953902
43.5729331,10.4950871
43.5720718,10.4828804
43.5727714,10.4936468
43.5710302,10.5354
43.5710488,10.535733
43.556955,10.4891791
43.5569894,10.4894767
43.5570732,10.4897609
43.5572467,10.4885936
43.5577718,10.4878911
43.5589757,10.487808
43.5591472,10.4876006
43.5593152,10.4874616
43.5595291,10.4873054
43.5601885,10.4864735
43.56068,10.485849
43.5609394,10.4845337
43.5609526,10.4841526
43.561023,10.484088
43.5611325,10.4856465
43.5611732,10.4855318
43.5611785,10.4854221
43.5612563,10.481931
43.5612563,10.4820481
43.5612899,10.481848
43.5614076,10.4840679
43.5616717,10.4840411
43.5618602,10.4813582
43.5623652,10.4809028
43.5629889,10.4803973
43.5630452,10.4803904
43.5630977,10.4804163
43.5632214,10.4805526
43.5632789,10.4805819
43.5633277,10.4805905
43.564006,10.4839393
43.564206,10.4828681
43.5646339,10.4795055
43.5646372,10.4825645
43.5650477,10.4791863
43.5656559,10.4811948
43.5657752,10.4786239
43.5658514,10.4785998
43.5658976,10.4786377
43.5659351,10.4787154
43.5660701,10.4792208
43.5663039,10.4799591
43.5663551,10.4800351
43.5667539,10.4800195
43.5669134,10.481074
43.5672295,10.4807294
43.5674115,10.480583
43.5677831,10.4793908
43.5678438,10.479119
43.5688914,10.4786321
43.5700439,10.4787112
43.5711216,10.4782226
43.5711877,10.4779095
43.5714529,10.4766136
43.5565974,10.4802234
43.5515924,10.5033857
43.571427,10.5098454
43.5798771,10.5075783
43.5808211,10.5071854
43.5809536,10.5071215
43.5812917,10.5068229
43.5819336,10.502774
43.5870083,10.5296033
43.5951692,10.5154978
43.5633715,10.5138932
43.5634619,10.5139415
43.5632025,10.5138731
43.5630023,10.5138785
43.5654594,10.5163612
43.5638269,10.5143328
43.56332,10.5138718
43.5661206,10.5162618
43.5650128,10.5177181
43.5667374,10.5160715
43.5669242,10.5153673
43.5648564,10.5166559
43.5649438,10.5173922
43.5656205,10.516361
43.5680019,10.5174506
43.5654229,10.5183725
43.5680489,10.5167748
43.5666038,10.5160905
43.5672896,10.515005
43.5672993,10.5152586
43.6068146,10.5100155
43.6075057,10.5095651
43.6068609,10.5096294
43.6066989,10.5097148
43.6047804,10.5095386
43.6048018,10.5097988
43.6066006,10.5113246
43.6061126,10.5098033
43.6050358,10.5106248
43.6059342,10.5125942
43.60662,10.513803
43.6063614,10.5133471
43.6072376,10.5128535
43.6057582,10.5123008
43.6058438,10.5126462
43.6067121,10.5117899
43.6068067,10.5120982
43.6112873,10.5106886
43.604771,10.5121724
43.6043943,10.5125985
43.5514826,10.5059284
43.5515069,10.5054409
43.5653442,10.5335042
43.5527877,10.5119296
43.5529281,10.5120544
43.5542875,10.5139123
43.5538294,10.5120415
43.5535924,10.5110001
43.5536204,10.5096316
43.5537985,10.5086215
43.5541235,10.5069112
43.5542972,10.5043817
43.5545654,10.5034823
43.5550269,10.5022043
43.5552359,10.5015416
43.555607,10.5002549
43.5416185,10.4768775
43.5417107,10.4764025
43.5419321,10.4778107
43.5424947,10.478396
43.5432726,10.4795794
43.5441457,10.4810342
43.5441765,10.4812293
43.5441918,10.4815983
43.5450135,10.4825635
43.5454032,10.4827987
43.5462074,10.4836776
43.5464607,10.4837615
43.5476144,10.4841599
43.5477931,10.4842938
43.5479561,10.4846237
43.5480452,10.4850496
43.5481539,10.4856734
43.5482952,10.4862386
43.5483322,10.487254
43.5483473,10.4866728
43.548343,10.4870711
43.5483986,10.4874982
43.5485195,10.4876548
43.5487604,10.4878419
43.5567841,10.4798577
43.5556042,10.4968338
43.5629248,10.487915
43.6089404,10.5164318
43.607544,10.5132533
43.6072779,10.5016099
43.6042397,10.4934203
43.6041722,10.4935158
43.6040354,10.4935842
43.6032432,10.493547
43.6028209,10.4937535
43.6016724,10.4940922
43.6005686,10.4941769
43.6001734,10.4943108
43.5996323,10.4945449
43.599321,10.4946003
43.5978493,10.4945123
43.596369,10.4954667
43.5962573,10.4956294
43.5957653,10.4960743
43.5951771,10.4963621
43.5924623,10.4958932
43.5927429,10.4959583
43.5928791,10.4960015
43.5911248,10.4956229
43.5903983,10.4955577
43.5887188,10.4962579
43.5886292,10.4963654
43.5840953,10.4994039
43.58389,10.4995602
43.582576,10.5012635
43.5820051,10.5024783
43.5811676,10.5070149
43.5796341,10.5077411
43.5801532,10.5074545
43.5800022,10.5075197
43.5804953,10.5073113
43.5787093,10.5082818
43.5792118,10.5081254
43.5788933,10.5082818
43.5784451,10.5082296
43.578136,10.5082557
43.5775887,10.5086433
43.577466,10.5090047
43.5774683,10.5097212
43.577256,10.5111802
43.5763477,10.5125643
43.5760976,10.5128965
43.5762132,10.5127565
43.5754063,10.5136912
43.5756167,10.5134889
43.5734904,10.5148506
43.5724698,10.5147601
43.5725773,10.5147268
43.5729595,10.514717
43.5710035,10.5133785
43.5709563,10.5135023
43.571473,10.5094867
43.5716571,10.5088908
43.5719001,10.5083404
43.5726717,10.5076109
43.5736386,10.5070084
43.5739647,10.5066729
43.5741227,10.506204
43.5744248,10.5052693
43.5749226,10.5035139
43.5749721,10.5037289
43.5749698,10.5036735
43.5742478,10.5030547
43.5742879,10.5029244
43.5743941,10.5028398
43.5756823,10.5025662
43.5754865,10.502716
43.575628,10.5026346
43.5758994,10.5008043
43.5758711,10.500889
43.5759725,10.5006773
43.576081,10.5006024
43.5786102,10.4995114
43.5788205,10.4993461
43.5787117,10.4994397
43.5792713,10.4988419
43.5799007,10.4978961
43.5800966,10.497261
43.5801367,10.497134
43.5821537,10.4940824
43.5704697,10.513935
43.5695414,10.5170095
43.5694483,10.5180712
43.5695128,10.5182116
43.5696446,10.5184311
43.5710012,10.5206376
43.5704339,10.5139627
43.573571,10.5164579
43.5738302,10.515584
43.5736569,10.5163531
43.5735925,10.516446
43.5733905,10.5174939
43.5732745,10.517051
43.5728447,10.5147042
43.5694698,10.5170846
43.5693566,10.5171499
43.5685716,10.5172428
43.5684513,10.5172191
43.568394,10.5171835
43.5685086,10.5172369
43.5675977,10.5163495
43.5641019,10.5166437
43.5639341,10.5168688
43.5637068,10.5171623
43.5636472,10.5172172
43.5635263,10.5172904
43.5629328,10.5175019
43.56242,10.518008
43.5625602,10.5178165
43.5618612,10.5188878
43.5617022,10.5190914
43.5614844,10.5194533
43.5614443,10.5196134
43.5613726,10.519997
43.5613555,10.5201156
43.5614858,10.5220097
43.5611577,10.523111
43.5608139,10.5235183
43.5604686,10.5239987
43.5595015,10.5237674
43.559096,10.5240126
43.5576518,10.524064
43.5575701,10.5243309
43.5573824,10.5250644
43.5573337,10.5253195
43.5573466,10.5254005
43.5576675,10.5256991
43.5577908,10.5258928
43.5580616,10.5267371
43.5584197,10.5269467
43.5585516,10.5270238
43.5587665,10.5272096
43.5590101,10.5273698
43.5606806,10.5276169
43.5608354,10.5276723
43.5611706,10.5278423
43.5614156,10.5280321
43.5617366,10.5282219
43.5618598,10.528218
43.56195,10.5281389
43.5618841,10.5282041
43.5618268,10.5282259
43.5617666,10.5282239
43.5622394,10.527607
43.5623168,10.5274825
43.563324,10.5266837
43.5631578,10.5267213
43.5650861,10.5266797
43.5671605,10.5263377
43.5669757,10.5263891
43.5666348,10.5264484
43.5673439,10.5261874
43.5681605,10.525274
43.5683467,10.5251771
43.5692349,10.525191
43.569636,10.5252028
43.5704439,10.5252859
43.5717962,10.5254678
43.5727516,10.5258849
43.5725711,10.5258296
43.5723563,10.5257366
43.5734507,10.5245306
43.5734206,10.5246294
43.5739405,10.5265058
43.5739248,10.5269684
43.5738933,10.5272907
43.5740938,10.5240521
43.573634,10.5243348
43.5734678,10.524493
43.573432,10.524582
43.57479,10.523111
43.5748473,10.52285
43.57479,10.5226009
43.574555,10.5222964
43.5742815,10.5220493
43.563989,10.512232
43.5638658,10.5124099
43.563671,10.5123823
43.5625993,10.5109152
43.562479,10.5110101
43.5622612,10.5112236
43.5620492,10.5112276
43.561777,10.5109785
43.5619546,10.5111722
43.561585,10.5101046
43.561095,10.5097645
43.5613386,10.509812
43.5614503,10.5098792
43.5598027,10.5100413
43.5586822,10.5105079
43.5564557,10.5126512
43.5563926,10.5128014
43.5562235,10.5130822
43.5550916,10.5138612
43.5510982,10.5122631
43.5710333,10.5355859
43.5669147,10.515912
43.5671941,10.5159845
43.5480127,10.4924321
43.5480458,10.4925837
43.5513148,10.5091581
43.5513379,10.5087387
43.5458045,10.5012116
43.5457229,10.5011928
43.5456451,10.5011419
43.5455829,10.5010426
43.5455012,10.5008468
43.5454507,10.5007154
43.5454254,10.5006349
43.5454157,10.5005652
43.5454215,10.5004954
43.5454487,10.5004096
43.5454721,10.5003399
43.5454857,10.5002862
43.5454876,10.5001923
43.5454805,10.5000385
43.5454558,10.4998616
43.546902,10.495469
43.5470575,10.4953027
43.5472519,10.495072
43.5474813,10.4948252
43.5476096,10.4946911
43.5476952,10.4945839
43.5477729,10.4944336
43.5479323,10.494085
43.5480762,10.493806
43.5455712,10.4989317
43.5454118,10.4988727
43.5451523,10.4987444
43.5450453,10.498689
43.5448704,10.4986031
43.5447646,10.4985755
43.5447458,10.498584
43.5448865,10.4994265
43.5449631,10.4992215
43.5450231,10.4990623
43.5528568,10.4831092
43.5553686,10.4829433
43.5555273,10.4827787
43.5570656,10.4792435
43.5570405,10.479095
43.5570656,10.4791888
43.5570121,10.479055
43.5651324,10.5336222
43.5639779,10.5346924
43.5711181,10.5349955
43.5687627,10.5336919
43.568479,10.5335793
43.5623687,10.5333433
43.5624425,10.5334425
43.5621296,10.5331394
43.5619858,10.5330697
43.5613133,10.5325815
43.5612375,10.5324206
43.561218,10.5322784
43.5612336,10.5320665
43.5612589,10.5318841
43.5613055,10.5318332
43.6062193,10.5100123
43.5503662,10.5080114
43.5503813,10.5067746
43.5515571,10.504467
43.5523572,10.5045174
43.5523728,10.5034298
43.5515117,10.5053437
43.5520964,10.5054125
43.5515404,10.5048106
43.5510285,10.5047645
43.551461,10.5063255
43.5507182,10.5061935
43.5510782,10.5062677
43.5514048,10.5074076
43.5512923,10.5095669
43.5512602,10.5101804
43.5515914,10.5036438
43.5447415,10.499531
43.5446896,10.4998937
43.5446462,10.5001514
43.5445747,10.5002452
43.5444704,10.5003214
43.5444347,10.5003391
43.544286,10.5003153
43.5442236,10.5002769
43.5440283,10.5000948
43.5439042,10.4998704
43.5438436,10.4998633
43.5416723,10.4994486
43.5463563,10.49692
43.5324006,10.5004761
43.532394,10.5006705
43.5323886,10.5008265
43.5323551,10.5011052
43.5323142,10.5013506
43.5322952,10.5014982
43.5322728,10.501675
43.5322621,10.5017761
43.5322543,10.5019728
43.5322481,10.5022384
43.5322568,10.5031154
43.5322615,10.5035097
43.5322658,10.5038632
43.5322725,10.5040062
43.5583809,10.5107152
43.5583666,10.5105235
43.5583923,10.5104067
43.5584205,10.5102262
43.5584205,10.5100917
43.5583025,10.5097272
43.5581666,10.5093237
43.557987,10.5090724
43.5577998,10.5088495
43.5576049,10.5085769
43.5574741,10.5083363
43.5574895,10.5081983
43.557592,10.508131
43.5577203,10.5081947
43.5581537,10.5083681
43.5582666,10.5083504
43.5582794,10.5082832
43.558282,10.5082053
43.5582178,10.5081416
43.5579588,10.507908
43.5576151,10.5076072
43.5575536,10.5074904
43.5575484,10.5073736
43.5575741,10.5072958
43.55761,10.5072922
43.5552722,10.5013731
43.5547714,10.5029659
43.5542402,10.5047426
43.5531086,10.5122917
43.540229,10.5044521
43.5373335,10.5039878
43.538154,10.4955864
43.5373439,10.4994021
43.5522409,10.4834711
43.54878,10.4885384
43.5441642,10.4917188
43.5477871,10.4908679
43.5475926,10.490911
43.5471138,10.4910096
43.5467737,10.4910446
43.5463438,10.4911193
43.5459224,10.4912477
43.5457447,10.4913388
43.5450761,10.4917708
43.5449424,10.4918338
43.5447698,10.4918735
43.5445125,10.4918572
43.5442722,10.4917918
43.5440883,10.4916518
43.5439032,10.4914625
43.5437763,10.4913598
43.5437255,10.4912687
43.5436274,10.4911426
43.5435376,10.4911543
43.5433718,10.4913271
43.5481612,10.4936631
43.5469302,10.4954388
43.5295922,10.4876712
43.541653,10.4766995
43.528679,10.4771893
43.5238826,10.4727903
43.5448585,10.4824589
43.5280015,10.4788306
43.5571091,10.5118703
43.5563389,10.499042
43.5904815,10.529495
43.5512616,10.5101497
43.5514087,10.5073272
43.5515544,10.5045105
43.5334751,10.4963864
43.5334002,10.4963583
43.5321012,10.4927655
43.5320468,10.4928714
43.5319923,10.4928781
43.5312787,10.4924141
43.5312126,10.4924557
43.5312145,10.4925334
43.5318387,10.493955
43.532074,10.4943466
43.5323229,10.495221
43.5324493,10.4955295
43.5325563,10.4959533
43.5327079,10.4965031
43.5327915,10.496605
43.5328829,10.4966453
43.5329578,10.4966547
43.5332466,10.4964119
43.5333428,10.4963663
43.533441,10.496369
43.5335713,10.4965621
43.5339641,10.4973561
43.5340477,10.4975706
43.5329667,10.4982114
43.5329398,10.4984232
43.5792508,10.4988649
43.5705714,10.4880872
43.5849752,10.490982
43.5849116,10.4991061
43.5934273,10.4963709
43.6002135,10.4942857
43.5951344,10.496371
43.6080755,10.5028187
43.608574,10.5053197
43.5718266,10.4814036
43.5759918,10.5130372
43.5824297,10.511702
43.6115769,10.5109939
43.5283675,10.4827219
43.5284434,10.482848
43.5446074,10.4821292
43.5442322,10.4817134
43.5673771,10.51817
43.5723569,10.5078395
43.5653316,10.5182183
43.564973,10.5175383
43.5648836,10.5168611
43.5540816,10.5076155
43.5640051,10.484165
43.5540485,10.4940234
43.5541243,10.4941281
43.5543168,10.4945987
43.5545957,10.4953136
43.5545753,10.4952143
43.5679781,10.5166787
43.5674116,10.5162328
43.5367729,10.498956
43.5357618,10.4985067
43.53621,10.4986636
43.5394415,10.5030504
43.5398916,10.5041541
43.539811,10.5040053
43.5397176,10.5037022
43.5460772,10.4836205
43.5457758,10.4833147
43.535928,10.5059418
43.5365491,10.5054674
43.5368847,10.5052552
43.5365862,10.5054201
43.5363172,10.5053358
43.5361808,10.5053513
43.5451007,10.499574
43.5470798,10.496221
43.5471382,10.4964045
43.5461675,10.4976163
43.5459654,10.4982573
43.5455056,10.4998349
43.5447307,10.4985967
43.5442079,10.4998693
43.5391382,10.5004513
43.5384596,10.5003816
43.5382108,10.5002448
43.5375224,10.4995427
43.5700956,10.4854441
43.5662869,10.4896344
43.576007,10.5006535
43.5798262,10.4980268
43.5818114,10.5032718
43.5816727,10.503873
43.5822676,10.4939517
43.6094299,10.5105126
43.6091278,10.5098502
43.6092234,10.5100598
43.6094474,10.5098596
43.6094563,10.5098134
43.6084232,10.5094855
43.6088539,10.5108727
43.6094184,10.5096345
43.6088932,10.5092011
43.6088123,10.5091343
43.6083085,10.5112137
43.6086592,10.511995
43.6074125,10.5115397
43.6072885,10.509587
43.6080288,10.5109972
43.6068408,10.513077
43.6067567,10.5127442
43.6067746,10.5127159
43.6072052,10.5124965
43.6086391,10.5156911
43.6078107,10.516449
43.6056835,10.5127385
43.6074699,10.5095671
43.5486069,10.5065309
43.5488687,10.5065637
43.5472806,10.5060591
43.5472066,10.5059579
43.5471616,10.5058937
43.5469579,10.50578
43.5444608,10.5055886
43.5441676,10.505766
43.5440397,10.5057905
43.543918,10.5057492
43.5432339,10.5054464
43.5427278,10.5056229
43.5417554,10.505791
43.5421981,10.5057396
43.5414127,10.5054029
43.5410629,10.5050073
43.5395367,10.5032362
43.5392835,10.5028189
43.5387022,10.5021965
43.5381151,10.5018367
43.5383813,10.5019457
43.5379868,10.5020139
43.5378016,10.5025238
43.5375533,10.5033318
43.5365228,10.5055512
43.5365022,10.5056464
43.5364731,10.5056846
43.5364361,10.5056634
43.5364351,10.5055738
43.5364359,10.5054913
43.5364372,10.5054143
43.5363651,10.5053323
43.5364918,10.5056695
43.5364524,10.5056773
43.5364322,10.5056358
43.5364305,10.5053844
43.5363935,10.5053427
43.5367366,10.505344
43.5369605,10.5051741
43.5365132,10.5055955
43.5373993,10.5037915
43.5371506,10.5046129
43.5374451,10.5036546
43.5374788,10.5035542
43.5372084,10.5044043
43.536143,10.5065177
43.5362811,10.5068566
43.5369441,10.5051917
43.5484325,10.5065451
43.5475518,10.5064147
43.547429,10.5063864
43.5473532,10.5063503
43.547327,10.50626
43.5473157,10.5061527
43.5411189,10.5050564
43.5415259,10.5056382
43.5415834,10.5057083
43.5417026,10.5057882
43.5413555,10.5053218
43.5413044,10.5052494
43.5401857,10.5044204
43.5643605,10.5159458
43.5646052,10.516288
43.5644116,10.5160913
43.6072349,10.4955531
43.6093302,10.5182755
43.602266,10.5210191
43.5758089,10.5015987
43.5758148,10.5015167
43.5562548,10.5130401
43.5602805,10.5099095
43.5617112,10.5108308
43.5736988,10.5280106
43.5658476,10.5334291
43.5628343,10.517571
43.5405346,10.4990992
43.5439463,10.5000179
43.5439058,10.4999736
43.5438597,10.4999044
43.5438349,10.4998275
43.5383893,10.4957317
43.5449582,10.4986486
43.5446704,10.5000328
43.5446154,10.5002004
43.5443898,10.5003491
43.5443411,10.500343
43.5461328,10.4977309
43.5457597,10.4989931
43.5459768,10.4982205
43.5455234,10.498914
43.5456319,10.4994822
43.5455221,10.4994373
43.5454666,10.4994237
43.5453542,10.4993956
43.5452765,10.4993675
43.5451672,10.4993292
43.5451425,10.4993181
43.5449767,10.4991853
43.5456661,10.499368
43.5448135,10.4985859
43.5447129,10.498634
43.5446152,10.4990884
43.5445984,10.4991568
43.5454863,10.4998574
43.5482045,10.4935893
43.5431264,10.4917264
43.5440271,10.491585
43.5442043,10.4917459
43.545326,10.498834
43.5450746,10.4987042
43.5446458,10.4989517
43.5446925,10.4998736
43.544122,10.500193
43.5441684,10.5002393
43.5441641,10.5002349
43.5436403,10.4997244
43.5440545,10.4999307
43.5441646,10.4999038
43.5442795,10.4997552
43.5443501,10.4995645
43.544373,10.4995094
43.5444513,10.4993932
43.5445094,10.4993434
43.5446002,10.4993681
43.5437543,10.4997848
43.5435664,10.4996816
43.5432703,10.4994879
43.5431693,10.4994762
43.5430841,10.499493
43.5428929,10.4996326
43.5428429,10.4996474
43.5423286,10.499509
43.5422095,10.4994641
43.5420001,10.4994126
43.5418877,10.4994031
43.5440289,10.4999234
43.5441336,10.4999207
43.5450607,10.4995813
43.5451499,10.4995709
43.5452434,10.4995925
43.5451802,10.4995739
43.545195,10.4994502
43.545207,10.4993432
43.5453299,10.4996964
43.5438236,10.4998208
43.5428017,10.4996502
43.5416858,10.4994436
43.54154,10.4994978
43.5461447,10.4976928
43.5445268,10.499332
43.5445754,10.4993407
43.5445854,10.4992168
43.5457283,10.4991145
43.5457226,10.4991403
43.529621,10.4877888
43.5294777,10.4870234
43.5293868,10.4865166
43.5278207,10.4820019
43.5308652,10.4904881
43.5309649,10.490682
43.5468029,10.4955314
43.5445497,10.4993306
43.5444274,10.4994243
43.5445713,10.499262
43.5445543,10.4992993
43.5446488,10.4994415
43.5447071,10.499506
43.5450157,10.499583
43.5454732,10.4998635
43.5455212,10.499811
43.5457935,10.4988727
43.5457156,10.4989904
43.5457557,10.4990085
43.5468734,10.4957501
43.5469039,10.4956769
43.5481441,10.4951131
43.548201,10.4949911
43.5483114,10.4945385
43.5482998,10.4941996
43.5481642,10.4931001
43.5517705,10.501975
43.5478778,10.4918143
43.5479222,10.4920177
43.5477741,10.4912984
43.5467976,10.4910421
43.5445605,10.4993348
43.5445766,10.4992451
43.544577,10.4992926
43.5445818,10.4993174
43.5445888,10.4993386
43.545488,10.5001118
43.5677462,10.4802547
43.5677732,10.480162
43.5678014,10.479892
43.5676208,10.4798117
43.5672515,10.4799048
43.5678218,10.4791486
43.567909,10.4790841
43.567788,10.4792909
43.5483582,10.4873961
43.5484565,10.48758
43.5486374,10.4877578
43.5483516,10.4868743
43.5483533,10.4867689
43.5483358,10.4864905
43.5483194,10.4863669
43.5482474,10.4860243
43.5449317,10.4993055
43.5619564,10.4812715
43.5710556,10.4786659
43.5611386,10.4856294
43.5611568,10.485587
43.5611786,10.4854769
43.5610749,10.4850223
43.5611332,10.4852222
43.5610009,10.4847538
43.56096,10.4846061
43.5609198,10.4844604
43.5609066,10.4844034
43.5608987,10.4843501
43.5609177,10.4842199
43.5609869,10.4841088
43.5610702,10.4840664
43.5615323,10.4840619
43.561727,10.4840152
43.5617662,10.4839251
43.5618413,10.4814922
43.5618067,10.4817446
43.5618001,10.4821583
43.5618017,10.4824562
43.5617984,10.4819515
43.5578144,10.4878546
43.5578688,10.4878175
43.5580267,10.4877961
43.5577931,10.4878711
43.5578437,10.4878332
43.5578959,10.4878055
43.5577222,10.4879492
43.5577473,10.4879164
43.5575901,10.4881392
43.5580856,10.4877962
43.558249,10.4878237
43.5569564,10.4892906
43.5570278,10.4896071
43.5634136,10.4808076
43.5636599,10.4811297
43.5637249,10.4812037
43.5637704,10.4811722
43.5638791,10.4810791
43.5639733,10.4809911
43.5640093,10.4809453
43.5640342,10.4808917
43.5641118,10.4806203
43.5642503,10.4800697
43.5643589,10.4797475
43.5642935,10.4798971
43.5715405,10.4838226
43.5721417,10.4827731
43.572218,10.4826028
43.5721437,10.4823234
43.5688817,10.4872363
43.56873,10.4874149
43.571171,10.47799
43.5710608,10.4781625
43.564706,10.516314
43.6054938,10.5128389
43.605386,10.5128947
43.5983488,10.4945838
43.5984875,10.5162522
43.5964148,10.4953838
43.607981,10.5111803
43.6078452,10.5116959
43.6060634,10.5121373
43.6065191,10.5122582
43.6064265,10.5119429
43.6097268,10.5104515
43.609812,10.5104497
43.6105616,10.5101062
43.6107193,10.5100863
43.612267,10.5118675
43.6072613,10.5109086
43.5510758,10.512357
43.5517766,10.5023758
43.5516507,10.5001442
43.551607,10.4998834
43.551573,10.4997633
43.5514719,10.4994911
43.5482251,10.4935466
43.5485321,10.4946772
43.5502933,10.4971589
43.551327,10.5089367
43.556312,10.4787201
43.5966299,10.4951088
43.5979412,10.4945131
43.5959299,10.4959352
43.5964593,10.4953049
43.5955369,10.4962358
43.6018132,10.4940676
43.5930938,10.4961119
43.5976413,10.4945567
43.5935288,10.4964313
43.598798,10.4946079
43.5965608,10.4951738
43.5977883,10.4945148
43.5970024,10.4948952
43.5936866,10.4965032
43.5956841,10.4961342
43.593748,10.4965159
43.5921801,10.4958374
43.5998401,10.4944764
43.5931723,10.4961673
43.5944363,10.4965053
43.593846,10.4965315
43.592955,10.496031
43.602906,10.4937125
43.5734821,10.5256608
43.5733765,10.5255084
43.572886,10.5252014
43.5722818,10.5246748
43.5719611,10.5244608
43.571715,10.5245033
43.5714483,10.5244466
43.5711536,10.5242494
43.5708724,10.5239105
43.5705554,10.5237688
43.5704043,10.5236704
43.569933,10.523646
43.5696502,10.5236135
43.5695324,10.5235403
43.5693321,10.5235891
43.5691377,10.5235728
43.5688431,10.5234997
43.5684779,10.5234671
43.5681126,10.5234834
43.5678004,10.5230606
43.5679505,10.5232639
43.5676029,10.5228281
43.5673953,10.5227264
43.5672167,10.522557
43.5665738,10.5222951
43.5663572,10.5222735
43.5512202,10.5117447
43.5903141,10.4955657
43.5940102,10.4965447
43.5754827,10.5136178
43.6068211,10.5099612
43.605271,10.511447
43.6050062,10.5105233
43.6047834,10.5096647
43.6047575,10.5090882
43.6047193,10.5090116
43.6046435,10.5089097
43.6044716,10.5088373
43.604427,10.5088158
43.6043852,10.5087447
43.6043726,10.5086616
43.6043803,10.5085757
43.6043988,10.5085248
43.6044347,10.5084899
43.6046222,10.5084644
43.6047367,10.5084443
43.6047727,10.5084658
43.6047785,10.5084993
43.6047134,10.5088145
43.6047309,10.5089217
43.6053737,10.5118062
43.6056398,10.510164
43.605359,10.5103783
43.6051874,10.5111546
43.6065532,10.5111806
43.6063672,10.5105212
43.6079759,10.5113358
43.6079427,10.5113272
43.6080777,10.5113622
43.607786,10.5115577
43.6078423,10.511555
43.6078822,10.51156
43.5361793,10.5065941
43.5724887,10.5248778
43.573415,10.5246995
43.5725926,10.5249624
43.572424,10.5247927
43.5724074,10.5154522
43.5722999,10.5148084
43.5734898,10.516481
43.5654501,10.5163606
43.565486,10.5163612
43.5656356,10.5163589
43.5661455,10.5162497
43.5661078,10.5162667
43.5721546,10.5149517
43.5699165,10.5188678
43.5634193,10.5173384
43.5545611,10.4959666
43.5545909,10.4960553
43.5552601,10.4967657
43.556387,10.4983546
43.5558796,10.4976169
43.6008418,10.5150177
43.6043184,10.5134301
43.6049136,10.5131376
43.5945696,10.5153093
43.5943538,10.5151904
43.5832616,10.5311392
43.6007674,10.4941521
43.6008342,10.4941438
43.57476,10.514325
43.5744389,10.514642
43.5930977,10.5137851
43.6009965,10.5184063
43.6009961,10.5181995
43.6011125,10.5190271
43.5588169,10.5272463
43.5816948,10.5116915
43.5801575,10.5119989
43.573364,10.5216614
43.5616388,10.5191852
43.5634718,10.486169
